,name,GW,season,value,predicted_points,position
0,aaron connolly,38,21,52,0.17080135472398114,FWD
1,ademipo odubeko,38,21,45,0.12887468068079475,FWD
2,albian ajeti,38,21,55,0.12887468068079475,FWD
3,aleksandar mitrović,38,21,55,0.5712091041162569,FWD
4,alexandre lacazette,38,21,84,1.630115452089032,FWD
5,andi zeqiri,38,21,50,1.1931860617882843,FWD
6,andy carroll,38,21,51,0.5850246969883911,FWD
7,anthony martial,38,21,86,0.670741272620006,FWD
8,antwoine hackford,38,21,44,0.18674025990339393,FWD
9,ashley barnes,38,21,60,1.103327606846688,FWD
10,billy sharp,38,21,55,0.18335765536915372,FWD
11,bobby decordova-reid,38,21,53,2.7907354431224265,FWD
12,callum robinson,38,21,52,0.35426957439164525,FWD
13,callum wilson,38,21,65,0.5700943941228557,FWD
14,carlos vinicius alves morais,38,21,69,0.12111467903040497,FWD
15,cenk tosun,38,21,60,0.06523480059451735,FWD
16,charlie austin,38,21,51,0.14700387549284524,FWD
17,che adams,38,21,57,2.761950996643711,FWD
18,cheikh diaby,38,21,45,0.11399810339448824,FWD
19,chris wood,38,21,66,3.086515947232812,FWD
20,christian benteke,38,21,55,2.7851841164274864,FWD
21,connor wickham,38,21,44,0.2071897313565783,FWD
22,dane scarlett,38,21,45,0.12111467903040497,FWD
23,daniel jebbison,38,21,45,3.0305621059058185,FWD
24,daniel n'lundulu,38,21,45,0.17080135472398114,FWD
25,danny ings,38,21,84,2.3578707075336025,FWD
26,danny welbeck,38,21,55,2.5803448993263385,FWD
27,david mcgoldrick,38,21,52,3.3131541095239236,FWD
28,divock origi,38,21,51,0.20176545260496404,FWD
29,dominic calvert-lewin,38,21,75,4.84431733784577,FWD
30,dwight gayle,38,21,59,1.0223840864387561,FWD
31,edinson cavani,38,21,80,7.330319630851435,FWD
32,edward nketiah,38,21,53,0.2257883224154548,FWD
33,ellis simms,38,21,45,0.06523480059451735,FWD
34,fabio silva,38,21,52,2.257641346121363,FWD
35,florin andone,38,21,48,0.11399810339448824,FWD
36,gabriel fernando de jesus,38,21,91,2.551898033494459,FWD
37,glenn murray,38,21,48,0.11399810339448824,FWD
38,hal robson-kanu,38,21,52,2.277932560942872,FWD
39,harry kane,38,21,119,4.3051931571668955,FWD
40,indiana vassilev,38,21,43,0.12520541829325776,FWD
41,islam slimani,38,21,49,0.13259669445336475,FWD
42,jamie vardy,38,21,102,3.6780785188075233,FWD
43,jay rodriguez,38,21,57,1.1397159834792852,FWD
44,jean-philippe mateta,38,21,53,0.11399810339448824,FWD
45,joe gelhardt,38,21,45,0.186483146018473,FWD
46,joel mumbongo,38,21,45,0.1678845549595965,FWD
47,joelinton cássio apolinário de lira,38,21,57,2.5563722201572134,FWD
48,jordan ayew,38,21,56,1.2590571902869943,FWD
49,jordan hugill,38,21,55,0.12887468068079475,FWD
50,josh maja,38,21,50,0.9627720263723332,FWD
51,joshua king,38,21,50,0.06523480059451735,FWD
52,karlan grant,38,21,56,0.8678603118845546,FWD
53,keinan davis,38,21,42,1.004108278843375,FWD
54,kelechi iheanacho,38,21,62,3.1723686343893913,FWD
55,kenneth zohore,38,21,48,0.11399810339448824,FWD
56,leonardo campana,38,21,47,0.12640349171105333,FWD
57,lewis richardson,38,21,45,0.20089032705795354,FWD
58,liam delap,38,21,42,0.2569865820829919,FWD
59,lys mousset,38,21,58,0.15035188327079674,FWD
60,léo bonatini,38,21,48,0.06960024038156042,FWD
61,matej vydra,38,21,48,2.700382451573007,FWD
62,max thompson,38,21,45,0.1678845549595965,FWD
63,mbaye diagne,38,21,60,0.36278528529615556,FWD
64,mbwana samatta,38,21,59,0.06840216696376485,FWD
65,michael obafemi,38,21,46,0.17080135472398114,FWD
66,michail antonio,38,21,67,5.488243357903643,FWD
67,michy batshuayi,38,21,57,0.17080135472398114,FWD
68,moise kean,38,21,57,0.12203805192401025,FWD
69,neal maupay,38,21,58,0.6089402623600527,FWD
70,niall huggins,38,21,45,0.186483146018473,FWD
71,odion ighalo,38,21,61,0.15039843735619196,FWD
72,oliver mcburnie,38,21,56,0.22324265519496603,FWD
73,olivier giroud,38,21,67,1.5993950450612304,FWD
74,ollie watkins,38,21,63,4.530385423729994,FWD
75,patrick bamford,38,21,66,4.584326470015613,FWD
76,patrick cutrone,38,21,59,0.06960024038156042,FWD
77,raúl jiménez,38,21,81,0.2873814095741759,FWD
78,rhian brewster,38,21,42,1.4547868946111873,FWD
79,richarlison de andrade,38,21,77,3.582843761943409,FWD
80,roberto firmino,38,21,91,4.010255993274679,FWD
81,rodrigo moreno,38,21,57,3.814262567554885,FWD
82,sam greenwood,38,21,45,0.186483146018473,FWD
83,sergio agüero,38,21,103,0.7291152563738592,FWD
84,shane long,38,21,51,0.17080135472398114,FWD
85,sébastien haller,38,21,61,0.20176545260496404,FWD
86,tammy abraham,38,21,71,0.6085884547408863,FWD
87,timo werner,38,21,92,3.420325352371329,FWD
88,wesley moraes,38,21,60,0.45826832239521914,FWD
89,willian josé da silva,38,21,68,1.05562585679806,FWD
90,yoshinori muto,38,21,48,0.11027608962191822,FWD
91,aaron mooy,38,21,50,0.04650255522038721,MID
92,abdoulaye doucouré,38,21,51,1.9424900396357345,MID
93,aboubakar kamara,38,21,48,0.12864749475901358,MID
94,adam forshaw,38,21,48,0.11827217570737687,MID
95,adam lallana,38,21,62,1.0178058029245713,MID
96,adama traoré,38,21,60,2.6380425947359414,MID
97,ademola lookman,38,21,47,2.544570695240172,MID
98,adrien silva,38,21,44,0.17391416681104593,MID
99,adrián bernabé,38,21,45,0.12507620327030364,MID
100,alex iwobi,38,21,59,0.7275022947898352,MID
101,alex oxlade-chamberlain,38,21,63,1.3685164144970146,MID
102,alexandre jankewitz,38,21,45,0.04650255522038721,MID
103,alexis mac allister,38,21,53,1.3376845984935035,MID
104,alfie devine,38,21,44,0.04650255522038721,MID
105,alireza jahanbakhsh,38,21,54,1.7150775111041194,MID
106,allan marques loureiro,38,21,52,2.4918636465865007,MID
107,allan saint-maximin,38,21,52,2.676545627181981,MID
108,amad diallo,38,21,54,1.415904747466636,MID
109,andreas pereira,38,21,48,0.07581634964178088,MID
110,andriy yarmolenko,38,21,55,0.7376278807324406,MID
111,andros townsend,38,21,55,2.574752389699634,MID
112,andré filipe tavares gomes,38,21,53,0.8883075241438494,MID
113,andré-frank zambo anguissa,38,21,44,2.543426871519345,MID
114,anthony elanga,38,21,45,0.828128086888117,MID
115,anthony gordon,38,21,43,0.179206284457977,MID
116,anthony knockaert,38,21,50,0.11827217570737687,MID
117,anthony mancini,38,21,44,0.07581634964178088,MID
118,anwar el ghazi,38,21,52,2.8007806169196816,MID
119,ashley westwood,38,21,53,2.7074370215195,MID
120,ayoze pérez,38,21,60,2.4997108069298024,MID
121,bamidele alli,38,21,74,2.9484696748977943,MID
122,ben osborn,38,21,47,2.176398799332104,MID
123,ben woodburn,38,21,45,0.10800599185305805,MID
124,bernard anício caldeira duarte,38,21,57,0.6868110418262254,MID
125,bernardo mota veiga de carvalho e silva,38,21,74,2.2093916331960277,MID
126,bertrand traoré,38,21,58,2.9187476463185313,MID
127,billy gilmour,38,21,43,1.0014797091418173,MID
128,brandon pierrick,38,21,43,0.05687787427202403,MID
129,bruno andré cavaco jordao,38,21,43,0.15054861194755953,MID
130,bruno miguel borges fernandes,38,21,113,4.987045799645383,MID
131,bukayo saka,38,21,51,3.320571860208146,MID
132,caleb watts,38,21,45,0.04650255522038721,MID
133,callum hudson-odoi,38,21,57,1.2479220285015462,MID
134,carney chukwuemeka,38,21,45,0.3061937943456609,MID
135,cengiz ünder,38,21,57,0.09933370033762008,MID
136,cheikhou kouyaté,38,21,48,1.9282061781139304,MID
137,christian atsu,38,21,52,0.07581634964178088,MID
138,christian pulisic,38,21,83,3.629348959447599,MID
139,claudio gomes,38,21,45,0.12507620327030364,MID
140,cole palmer,38,21,44,0.12507620327030364,MID
141,conor coventry,38,21,45,0.11827217570737687,MID
142,conor gallagher,38,21,55,1.998240429721661,MID
143,conor hourihane,38,21,59,0.11838312767858111,MID
144,crysencio summerville,38,21,44,0.11827217570737687,MID
145,curtis jones,38,21,44,1.5121082203020193,MID
146,dale stephens,38,21,42,0.535734324527113,MID
147,daniel castelo podence,38,21,53,1.1853437727755822,MID
148,daniel ceballos fernández,38,21,47,1.0714486340139615,MID
149,daniel james,38,21,62,0.21307934888385516,MID
150,davy pröpper,38,21,47,0.04650255522038721,MID
151,declan rice,38,21,47,2.357436577397917,MID
152,demarai gray,38,21,51,0.09933370033762008,MID
153,dennis praet,38,21,52,0.17391416681104593,MID
154,diogo jota,38,21,69,4.013766928284826,MID
155,donny van de beek,38,21,66,1.2470266269701629,MID
156,douglas luiz soares de paulo,38,21,48,1.8384232495167694,MID
157,dwight mcneil,38,21,57,2.840561443188372,MID
158,eberechi eze,38,21,58,2.499616863398612,MID
159,elliot anderson,38,21,45,0.07581634964178088,MID
160,emile smith rowe,38,21,42,3.240244849131305,MID
161,erik lamela,38,21,57,0.8782611752996075,MID
162,fabian delph,38,21,48,0.023137000356900833,MID
163,fabio carvalho,38,21,45,3.0907002800720833,MID
164,fabio henrique tavares,38,21,54,2.6992373007399735,MID
165,facundo pellistri,38,21,52,0.07581634964178088,MID
166,faustino anjorin,38,21,45,0.07581634964178088,MID
167,felipe anderson pereira gomes,38,21,61,0.1697020332052694,MID
168,felix nmecha,38,21,45,0.12507620327030364,MID
169,ferran torres,38,21,70,3.95606185554615,MID
170,filip krovinovic,38,21,49,0.065550165787462,MID
171,frankie maguire,38,21,44,0.11827217570737687,MID
172,frederico rodrigues de paula santos,38,21,53,1.545338044261881,MID
173,gabriel teodoro martinelli silva,38,21,49,2.1648124159854727,MID
174,gareth bale,38,21,92,3.2705193250308855,MID
175,gedson carvalho fernandes,38,21,47,0.05687787427202403,MID
176,georginio wijnaldum,38,21,53,2.0516048180402473,MID
177,giovani lo celso,38,21,69,1.9858811917167882,MID
178,grady diangana,38,21,50,1.257997156191342,MID
179,granit xhaka,38,21,52,0.8327713663034858,MID
180,gylfi sigurdsson,38,21,68,3.261268953514953,MID
181,hakim ziyech,38,21,79,2.5212629989019106,MID
182,hamza choudhury,38,21,46,0.5712144163192441,MID
183,harrison reed,38,21,44,1.2846505420202494,MID
184,harry wilson,38,21,51,0.10800599185305805,MID
185,harry winks,38,21,51,0.935958540108385,MID
186,harvey barnes,38,21,66,0.6397049276941464,MID
187,harvey elliott,38,21,43,0.1183813109046948,MID
188,henri lansbury,38,21,43,0.1005246936406495,MID
189,heung-min son,38,21,96,3.9891800350033555,MID
190,hélder wander sousa de azevedo e costa,38,21,50,0.52053867197927,MID
191,ian carlo poveda-ocampo,38,21,42,0.7079322145336592,MID
192,ibrahima diallo,38,21,45,0.9083482375481718,MID
193,iliman ndiaye,38,21,45,0.11827217570737687,MID
194,ilkay gündogan,38,21,55,5.619315902948546,MID
195,isaac hayden,38,21,46,0.08619166869341768,MID
196,isaac price,38,21,45,0.023137000356900833,MID
197,ivan ricardo neves abreu cavaleiro,38,21,53,3.5570581278625424,MID
198,jack cork,38,21,50,1.9148935440171646,MID
199,jack grealish,38,21,75,2.3856658691562225,MID
200,jack harrison,38,21,56,4.568786053855263,MID
201,jack jenkins,38,21,45,0.11827217570737687,MID
202,jack wilshere,38,21,49,0.12864749475901358,MID
203,jacob murphy,38,21,49,2.9278336331172428,MID
204,jacob ramsey,38,21,45,1.4088284220581777,MID
205,jaden philogene-bidace,38,21,44,0.3061937943456609,MID
206,jairo riedewald,38,21,44,1.147263604033863,MID
207,jake cain,38,21,45,0.10800599185305805,MID
208,jake livermore,38,21,47,0.6184992688723085,MID
209,jakub moder,38,21,50,1.5295215545166119,MID
210,james garner,38,21,44,0.08619166869341768,MID
211,james maddison,38,21,72,2.3784730459769947,MID
212,james mcarthur,38,21,52,0.05806886757505345,MID
213,james mccarthy,38,21,43,1.5012755856922895,MID
214,james milner,38,21,53,0.34540287663143426,MID
215,james rodríguez,38,21,77,2.250328062187914,MID
216,james ward-prowse,38,21,59,7.786327200494101,MID
217,jamie shackleton,38,21,48,0.11827217570737687,MID
218,jarrod bowen,38,21,58,1.9572811301186257,MID
219,jay-roy grot,38,21,47,0.11827217570737687,MID
220,jayson molumby,38,21,45,0.04650255522038721,MID
221,jean michaël seri,38,21,46,0.11827217570737687,MID
222,jean-philippe gbamin,38,21,50,0.023137000356900833,MID
223,jeff hendrick,38,21,45,0.6113943858877857,MID
224,jeffrey schlupp,38,21,53,1.843477120256332,MID
225,jensen weir,38,21,45,0.04650255522038721,MID
226,jesse lingard,38,21,66,4.549303048818921,MID
227,jesurun rak-sakyi,38,21,45,0.04650255522038721,MID
228,johann berg gudmundsson,38,21,54,1.2850946222280677,MID
229,john fleck,38,21,56,2.5518650251435138,MID
230,john lundstram,38,21,48,0.946673071444622,MID
231,john mcginn,38,21,55,2.625515614724047,MID
232,jonathan leko,38,21,45,0.065550165787462,MID
233,jonjo shelvey,38,21,53,2.851973800335778,MID
234,jordan henderson,38,21,54,0.35955147132938337,MID
235,jordan stevens,38,21,43,0.2932669884345181,MID
236,jorge luiz frello filho,38,21,47,3.2600264680955324,MID
237,joseph willock,38,21,49,3.740161076226067,MID
238,josh benson,38,21,44,0.07581634964178088,MID
239,josh brownhill,38,21,49,2.6003738173768385,MID
240,josh onomah,38,21,46,1.0616463867364003,MID
241,josh sims,38,21,43,0.05687787427202403,MID
242,josé ignacio peleteiro romallo,38,21,59,0.09933370033762008,MID
243,josé izquierdo,38,21,55,0.04650255522038721,MID
244,joão filipe iria santos moutinho,38,21,51,2.565971103697726,MID
245,juan mata,38,21,58,0.9900414771817241,MID
246,kai havertz,38,21,83,1.7897748880548332,MID
247,kaine hayden,38,21,45,0.08895838128598328,MID
248,kalvin phillips,38,21,49,1.2846505420202494,MID
249,kamil grosicki,38,21,52,0.065550165787462,MID
250,kevin de bruyne,38,21,118,1.303410438688027,MID
251,kevin mcdonald,38,21,47,0.11827217570737687,MID
252,kgaogelo chauke,38,21,44,0.04650255522038721,MID
253,kyle edwards,38,21,46,0.065550165787462,MID
254,leander dendoncker,38,21,46,1.4425620212937051,MID
255,leandro trossard,38,21,55,2.7816108202212906,MID
256,leighton clarkson,38,21,45,0.10800599185305805,MID
257,lucas rodrigues moura da silva,38,21,64,1.10029818602764,MID
258,lucas torreira,38,21,47,0.1183813109046948,MID
259,luka milivojevic,38,21,56,1.972808376126927,MID
260,luke cundle,38,21,45,0.06559282642249688,MID
261,luke freeman,38,21,50,0.11827217570737687,MID
262,mace goodridge,38,21,45,0.07581634964178088,MID
263,mahmoud ahmed ibrahim hassan,38,21,52,0.29024514828233583,MID
264,manuel lanzini,38,21,64,0.9424519718627156,MID
265,marc albrighton,38,21,52,2.7435310664142722,MID
266,marcus rashford,38,21,96,3.320941759031183,MID
267,mario lemina,38,21,45,1.5474489248543148,MID
268,mark noble,38,21,45,0.31246177311180134,MID
269,martin ødegaard,38,21,56,2.1303571842837785,MID
270,marvelous nakamba,38,21,43,1.3556786178374036,MID
271,mason greenwood,38,21,73,4.776961650814412,MID
272,mason mount,38,21,73,4.081301900774413,MID
273,mateo kovacic,38,21,53,0.9976139969230793,MID
274,mateusz bogusz,38,21,43,0.11827217570737687,MID
275,mateusz klich,38,21,52,2.9866633509917704,MID
276,matheus pereira,38,21,54,3.3257731407453144,MID
277,matt phillips,38,21,51,2.1427904613015896,MID
278,matt ritchie,38,21,49,2.4833820401193374,MID
279,matteo guendouzi,38,21,47,0.1183813109046948,MID
280,matthew longstaff,38,21,48,0.07581634964178088,MID
281,matty james,38,21,43,0.19843143648674189,MID
282,max meyer,38,21,47,0.04650255522038721,MID
283,max sanders,38,21,45,0.04650255522038721,MID
284,meritan shabani,38,21,44,0.06559282642249688,MID
285,mesut özil,38,21,67,0.2830008045801992,MID
286,miguel almirón,38,21,56,2.583765011264988,MID
287,miguel azeez,38,21,45,0.10800599185305805,MID
288,mohamed naser el sayed elneny,38,21,42,2.144192589785057,MID
289,mohamed salah,38,21,129,5.655732215921652,MID
290,moisés caicedo,38,21,50,0.04650255522038721,MID
291,morgan gibbs-white,38,21,49,2.481339055857786,MID
292,morgan sanson,38,21,55,0.08895838128598328,MID
293,moussa djenepo,38,21,54,0.9347675468053555,MID
294,moussa sissoko,38,21,47,0.3885388666019468,MID
295,n'golo kanté,38,21,49,1.5995869129233726,MID
296,naby keita,38,21,52,0.20155693674215303,MID
297,nampalys mendy,38,21,42,1.0655004686931342,MID
298,nathan broadhead,38,21,45,0.023137000356900833,MID
299,nathan redmond,38,21,64,2.6467209760622787,MID
300,nathan tella,38,21,43,2.195735051642534,MID
301,neeskens kebano,38,21,47,0.12864749475901358,MID
302,nemanja matic,38,21,47,0.9900414771817241,MID
303,nicolas pépé,38,21,77,3.385114451596154,MID
304,okay yokuslu,38,21,45,1.3455339323288509,MID
305,oliver burke,38,21,41,1.2814262906075136,MID
306,oliver norwood,38,21,45,2.1431628914144314,MID
307,oliver skipp,38,21,44,0.04650255522038721,MID
308,oriol romeu vidal,38,21,45,0.3051452042886405,MID
309,owen otasowie,38,21,45,0.06559282642249688,MID
310,pablo fornals,38,21,58,3.7637446925511657,MID
311,pablo hernández domínguez,38,21,57,0.2363403902721678,MID
312,pascal groß,38,21,58,2.724702535971265,MID
313,paul pogba,38,21,76,2.409329726080168,MID
314,pedro lomba neto,38,21,55,0.5817739746027081,MID
315,percy tau,38,21,49,1.0787411213357838,MID
316,phil foden,38,21,61,3.1173121444849694,MID
317,pierre-emerick aubameyang,38,21,113,2.6727627564515553,MID
318,pierre-emile højbjerg,38,21,49,2.4774762724016255,MID
319,raheem sterling,38,21,109,3.8207463052901987,MID
320,raphael dias belloli,38,21,56,3.3901072920992115,MID
321,reda khadra,38,21,45,0.04650255522038721,MID
322,reiss nelson,38,21,51,0.1183813109046948,MID
323,rekeem harper,38,21,43,0.25973976319188624,MID
324,riyad mahrez,38,21,81,2.5326861621574666,MID
325,robbie brady,38,21,50,0.08619166869341768,MID
326,robert snodgrass,38,21,56,0.0759254848390988,MID
327,rodrigo hernandez,38,21,53,3.715000708726087,MID
328,rolando aarons,38,21,48,0.07581634964178088,MID
329,romaine sawyers,38,21,46,0.065550165787462,MID
330,ross barkley,38,21,58,1.1082264325162516,MID
331,ruben loftus-cheek,38,21,59,1.0356480977190559,MID
332,ryan finnigan,38,21,45,0.04650255522038721,MID
333,ryan fraser,38,21,56,0.1885620792081592,MID
334,rúben diogo da silva neves,38,21,51,1.852328067824988,MID
335,sadio mané,38,21,118,3.4038334240125026,MID
336,sam field,38,21,48,0.065550165787462,MID
337,sander berge,38,21,49,0.9134710345183705,MID
338,saïd benrahma,38,21,59,2.9388639436905777,MID
339,scott mctominay,38,21,49,2.133358729178587,MID
340,sean longstaff,38,21,46,0.9126482653801259,MID
341,shane flynn,38,21,45,0.08895838128598328,MID
342,shola shoretire,38,21,44,0.07581634964178088,MID
343,sidnei tavares,38,21,44,0.08895838128598328,MID
344,sofiane boufal,38,21,54,0.04650255522038721,MID
345,solomon march,38,21,49,0.20257183932146336,MID
346,stefan johansen,38,21,47,0.11827217570737687,MID
347,steven alzate,38,21,41,1.4664501169871171,MID
348,steven bergwijn,38,21,70,2.115124569699994,MID
349,stuart armstrong,38,21,55,2.062789901416382,MID
350,tahith chong,38,21,44,0.07581634964178088,MID
351,takumi minamino,38,21,60,1.932041071837288,MID
352,tanguy ndombele,38,21,59,1.0660566378966163,MID
353,tawanda maswanhise,38,21,45,0.08895838128598328,MID
354,taylor gardner-hickman,38,21,45,0.065550165787462,MID
355,taylor perry,38,21,44,0.06559282642249688,MID
356,teddy jenks,38,21,45,0.04650255522038721,MID
357,thakgalo leshabela,38,21,44,0.08895838128598328,MID
358,thanawat suengchitthawon,38,21,45,0.08895838128598328,MID
359,theo corbeanu,38,21,44,0.6470074874855692,MID
360,theo walcott,38,21,58,1.7783911272252586,MID
361,thiago alcántara do nascimento,38,21,55,3.086304206921603,MID
362,thomas partey,38,21,49,1.9415452675307052,MID
363,tom cairney,38,21,52,0.12864749475901358,MID
364,tom davies,38,21,52,0.5065840286931911,MID
365,tomas soucek,38,21,52,4.954320899471557,MID
366,tommy doyle,38,21,44,0.13545152232194038,MID
367,tyler onyango,38,21,45,0.023137000356900833,MID
368,tyler roberts,38,21,46,2.034223785429083,MID
369,vitor ferreira,38,21,47,1.6689726320355553,MID
370,wilfred ndidi,38,21,48,2.0680089042349836,MID
371,wilfried zaha,38,21,71,3.6954518691503706,MID
372,will ferry,38,21,45,0.04650255522038721,MID
373,william smallbone,38,21,43,0.1055112366421614,MID
374,willian borges da silva,38,21,75,2.941798949216768,MID
375,xherdan shaqiri,38,21,64,0.9032048506640517,MID
376,youri tielemans,38,21,64,3.1204676356004786,MID
377,yves bissouma,38,21,44,1.9433700419612434,MID
378,zak brunt,38,21,45,0.11827217570737687,MID
379,aaron cresswell,38,21,57,4.220486654024558,DEF
380,aaron wan-bissaka,38,21,58,3.608630899123029,DEF
381,adam webster,38,21,43,2.4721967982255446,DEF
382,ahmed el mohamady,38,21,42,1.2512417455966665,DEF
383,ahmed el-sayed hegazy,38,21,41,0.06668582463653722,DEF
384,ainsley maitland-niles,38,21,46,1.1403032434243034,DEF
385,alex nicolao telles,38,21,53,1.2269804306879208,DEF
386,alfie mawson,38,21,43,0.1695773060185349,DEF
387,allan tchaptchet,38,21,40,0.06035769270806129,DEF
388,andreas christensen,38,21,47,0.7764018671919417,DEF
389,andrew robertson,38,21,73,3.6329862138298985,DEF
390,angelo ogbonna,38,21,47,2.2920812225850105,DEF
391,anthony driscoll-glennon,38,21,39,0.12094721132360806,DEF
392,antonee robinson,38,21,44,1.610983038425526,DEF
393,antonio rüdiger,38,21,47,2.8626674521319293,DEF
394,arthur masuaku,38,21,43,0.41897893721708473,DEF
395,axel tuanzebe,38,21,41,1.8793467617638884,DEF
396,aymeric laporte,38,21,60,1.487512755893666,DEF
397,barry douglas,38,21,38,0.4982515548312293,DEF
398,ben davies,38,21,45,0.11893327718501127,DEF
399,ben davies,38,21,45,0.09770176501745591,DEF
400,ben davies,38,21,47,0.2605865108846912,DEF
401,ben davies,38,21,47,0.2763534830929185,DEF
402,ben gibson,38,21,39,0.12094721132360806,DEF
403,ben godfrey,38,21,51,1.9884731926824326,DEF
404,ben johnson,38,21,39,0.5140185270394566,DEF
405,ben mee,38,21,47,3.903817318215258,DEF
406,ben white,38,21,45,2.251877012060649,DEF
407,benjamin chilwell,38,21,59,2.5711271738091814,DEF
408,benjamin mendy,38,21,59,1.4538783301286604,DEF
409,bernardo fernandes da silva junior,38,21,39,0.36512820061804796,DEF
410,billy koumetio,38,21,40,0.1695773060185349,DEF
411,bjorn engels,38,21,44,0.0860919627126775,DEF
412,bobby thomas,38,21,39,0.24821811949987455,DEF
413,brandon williams,38,21,42,1.161386275889223,DEF
414,branislav ivanovic,38,21,44,0.06668582463653722,DEF
415,caleb taylor,38,21,40,0.06668582463653722,DEF
416,calum chambers,38,21,45,2.7912632003052686,DEF
417,cameron carter-vickers,38,21,39,0.09770176501745591,DEF
418,cedric kipre,38,21,43,0.06668582463653722,DEF
419,charlie cresswell,38,21,40,0.1695773060185349,DEF
420,charlie taylor,38,21,44,2.961884319342618,DEF
421,chris basham,38,21,46,2.512836123185687,DEF
422,chris smalling,38,21,49,0.12188686447536733,DEF
423,christian fuchs,38,21,45,0.1650659287958741,DEF
424,christian marques,38,21,39,0.045444203214454845,DEF
425,ciaran clark,38,21,45,0.1140368741068077,DEF
426,cody drameh,38,21,40,0.1695773060185349,DEF
427,conor coady,38,21,49,2.4457474265145756,DEF
428,conor townsend,38,21,44,2.3937834521248686,DEF
429,craig dawson,38,21,45,2.916158614595265,DEF
430,cyrus christie,38,21,42,0.1695773060185349,DEF
431,cédric soares,38,21,46,0.41897893721708473,DEF
432,césar azpilicueta,38,21,58,3.2125889876423974,DEF
433,dan burn,38,21,42,2.5989515895136948,DEF
434,daniel amartey,38,21,39,0.4050092263127192,DEF
435,danny rose,38,21,47,0.07923319531869603,DEF
436,dara o'shea,38,21,42,0.11968979968997376,DEF
437,darnell furlong,38,21,45,1.9550590618474326,DEF
438,david luiz moreira marinho,38,21,54,0.4195910434212346,DEF
439,davinson sánchez,38,21,52,0.337645062534301,DEF
440,deandre yedlin,38,21,43,0.1140368741068077,DEF
441,denis odoi,38,21,42,0.1695773060185349,DEF
442,diego llorente,38,21,44,2.74103951372167,DEF
443,emerson palmieri dos santos,38,21,47,0.1352944159781115,DEF
444,emil krafth,38,21,42,2.552468398776921,DEF
445,enda stevens,38,21,50,2.845879144113536,DEF
446,eric bailly,38,21,48,1.9033351373362102,DEF
447,eric dier,38,21,46,2.282513165358537,DEF
448,eric garcia,38,21,47,1.5574710463988826,DEF
449,erik pieters,38,21,43,0.39334245337558427,DEF
450,ethan ampadu,38,21,43,0.36975529257159795,DEF
451,ezgjan alioski,38,21,44,3.842659288362312,DEF
452,ezri konsa ngoyo,38,21,46,2.88935062834997,DEF
453,fabian schär,38,21,48,0.1006293226040635,DEF
454,fabián balbuena,38,21,41,0.2763534830929185,DEF
455,federico fernández,38,21,47,2.3886739185111647,DEF
456,fernando luiz rosa,38,21,54,1.0387509204054102,DEF
457,fernando marçal,38,21,47,0.03203665171171065,DEF
458,fikayo tomori,38,21,47,0.1352944159781115,DEF
459,filip benkovic,38,21,43,0.13318980759437005,DEF
460,florian lejeune,38,21,43,0.1006293226040635,DEF
461,frederik alves,38,21,40,0.18534427822676228,DEF
462,frédéric guilbert,38,21,43,0.0860919627126775,DEF
463,gabriel magalhães,38,21,49,3.833033690788414,DEF
464,gaetano berardi,38,21,40,0.9487656108941598,DEF
465,gary cahill,38,21,45,1.370607055043261,DEF
466,george baldock,38,21,49,2.0830486125733607,DEF
467,harry maguire,38,21,55,0.6685264359797183,DEF
468,hugo bueno,38,21,40,0.03203665171171065,DEF
469,héctor bellerín,38,21,50,1.0728425478952164,DEF
470,issa diop,38,21,43,1.5879360709256303,DEF
471,jack o'connell,38,21,47,0.1361206335812756,DEF
472,jack robinson,38,21,42,2.3472226408237704,DEF
473,jack stephens,38,21,46,1.742692961432663,DEF
474,jake vokins,38,21,39,0.2589046339634594,DEF
475,jamaal lascelles,38,21,42,0.40814856526148685,DEF
476,jamal baptiste,38,21,40,0.18534427822676228,DEF
477,jamal lewis,38,21,40,0.7201936038876927,DEF
478,james bree,38,21,45,0.0860919627126775,DEF
479,james justin,38,21,48,0.4286702007613129,DEF
480,james tarkowski,38,21,53,3.280255152494505,DEF
481,james tomkins,38,21,44,0.9397605668777012,DEF
482,jan bednarek,38,21,47,0.7608385525058334,DEF
483,jannik vestergaard,38,21,47,1.864206159575642,DEF
484,japhet tanganga,38,21,49,1.5550766621705256,DEF
485,jarrad branthwaite,38,21,39,0.2969212379914597,DEF
486,javier manquillo,38,21,42,0.1140368741068077,DEF
487,jayden bogle,38,21,43,1.1276229399191204,DEF
488,jimmy dunne,38,21,38,0.4693215989955679,DEF
489,joachim andersen,38,21,45,2.347575090307172,DEF
490,joe bryan,38,21,45,1.8725717671029931,DEF
491,joe rodon,38,21,49,0.20845109794011818,DEF
492,joel matip,38,21,54,0.2605865108846912,DEF
493,joel ward,38,21,43,1.9477005906139992,DEF
494,john egan,38,21,47,2.903278495236312,DEF
495,john stones,38,21,51,1.463060900217584,DEF
496,jonathan castro otto,38,21,54,0.03203665171171065,DEF
497,jonjoe kenny,38,21,43,0.04416226347549871,DEF
498,jonny evans,38,21,56,0.3718647698917263,DEF
499,joseph gomez,38,21,52,0.31541065034940363,DEF
500,josé diogo dalot teixeira,38,21,48,0.12188686447536733,DEF
501,joão pedro cavaco cancelo,38,21,58,3.607385734641404,DEF
502,joël veltman,38,21,43,0.387226981560283,DEF
503,juan foyth,38,21,43,0.0658256438159518,DEF
504,kayne ramsay,38,21,40,0.06035769270806129,DEF
505,kean bryan,38,21,39,1.0998967710377077,DEF
506,kelland watts,38,21,39,0.1140368741068077,DEF
507,kenny tete,38,21,43,1.6622047230939896,DEF
508,kevin long,38,21,43,0.13435476282635225,DEF
509,ki-jana hoever,38,21,44,1.3073911775740878,DEF
510,kieran gibbs,38,21,43,0.08009337613928143,DEF
511,kieran tierney,38,21,52,3.2437072940993583,DEF
512,konstantinos tsimikas,38,21,49,0.49274113750128046,DEF
513,kortney hause,38,21,44,1.4390889767592145,DEF
514,kurt zouma,38,21,53,2.2325821975443474,DEF
515,kyle bartley,38,21,44,1.9550590618474326,DEF
516,kyle john,38,21,40,0.04416226347549871,DEF
517,kyle walker,38,21,61,1.3301877503842399,DEF
518,kyle walker-peters,38,21,47,1.8669391182357193,DEF
519,kyron gordon,38,21,40,0.1361206335812756,DEF
520,lee peltier,38,21,39,0.06668582463653722,DEF
521,leif davis,38,21,38,0.31541065034940363,DEF
522,lewis dunk,38,21,48,2.4333520427136563,DEF
523,lewis richards,38,21,40,0.03203665171171065,DEF
524,liam cooper,38,21,43,1.776521663649846,DEF
525,lucas digne,38,21,62,2.779445302737724,DEF
526,luke ayling,38,21,44,3.690577546971132,DEF
527,luke mbete,38,21,40,0.18491833522316678,DEF
528,luke shaw,38,21,55,3.085560653075457,DEF
529,luke thomas,38,21,41,1.8774525406264209,DEF
530,mamadou sakho,38,21,44,0.06988134273725524,DEF
531,marcos alonso,38,21,56,2.1033013490220784,DEF
532,marcos rojo,38,21,48,0.12188686447536733,DEF
533,martin kelly,38,21,41,0.08834991243601514,DEF
534,martín montoya,38,21,45,0.07215377574442773,DEF
535,mason holgate,38,21,48,1.1589987991859538,DEF
536,matt doherty,38,21,56,0.8992436116325742,DEF
537,matt targett,38,21,50,3.005328687983298,DEF
538,matthew cash,38,21,50,0.9867756789407758,DEF
539,matthew clarke,38,21,44,0.07215377574442773,DEF
540,matthew lowton,38,21,44,2.9485239802886674,DEF
541,max kilman,38,21,38,1.6350523147556602,DEF
542,max lowe,38,21,42,0.1361206335812756,DEF
543,maxime le marchand,38,21,41,0.1695773060185349,DEF
544,michael hector,38,21,41,0.1829848575212791,DEF
545,michael keane,38,21,50,2.353202378074653,DEF
546,michal karbownik,38,21,45,0.07215377574442773,DEF
547,mohammed salisu,38,21,43,1.3089188983174376,DEF
548,nathan aké,38,21,54,2.1425042026991563,DEF
549,nathan ferguson,38,21,38,0.18374469941077784,DEF
550,nathaniel clyne,38,21,45,0.05647379123451102,DEF
551,nathaniel phillips,38,21,42,3.599994034734835,DEF
552,neco williams,38,21,38,0.8172390696619368,DEF
553,neil taylor,38,21,42,0.09949951421542175,DEF
554,nicolás otamendi,38,21,49,0.19832588672591098,DEF
555,niels nkounkou,38,21,40,0.05756981497824296,DEF
556,nigel lonwijk,38,21,39,0.03203665171171065,DEF
557,nélson cabral semedo,38,21,51,1.5264575495150536,DEF
558,ola aina,38,21,43,1.4415007552290273,DEF
559,oleksandr zinchenko,38,21,55,1.1915770555692466,DEF
560,oliver casey,38,21,38,0.31541065034940363,DEF
561,oluwasemilogo adesewo ibidapo ajayi,38,21,48,1.8587577641394402,DEF
562,oskar buur,38,21,39,0.28479562622767157,DEF
563,ozan kabak,38,21,50,0.5229923376959201,DEF
564,pablo marí,38,21,44,1.7914979749539612,DEF
565,pascal struijk,38,21,40,2.4065445421293696,DEF
566,patrick van aanholt,38,21,54,0.14748299610066767,DEF
567,paul dummett,38,21,44,2.671556434180271,DEF
568,phil bardsley,38,21,44,0.13435476282635225,DEF
569,phil jagielka,38,21,39,0.2107609380124184,DEF
570,phil jones,38,21,48,0.12188686447536733,DEF
571,rayan ait nouri,38,21,50,1.5156994339962904,DEF
572,reece hannam,38,21,40,0.05647379123451102,DEF
573,reece james,38,21,51,3.565577299498124,DEF
574,reece welch,38,21,40,0.04416226347549871,DEF
575,rhys williams,38,21,40,2.80000818455775,DEF
576,ricardo domingos barbosa pereira,38,21,59,1.418538673414541,DEF
577,richard nartey,38,21,40,0.12094721132360806,DEF
578,rob holding,38,21,43,3.940275007025918,DEF
579,robin koch,38,21,43,1.453153221891965,DEF
580,romain saïss,38,21,49,1.1173587639124785,DEF
581,ryan astley,38,21,40,0.04416226347549871,DEF
582,ryan bennett,38,21,44,0.03203665171171065,DEF
583,ryan bertrand,38,21,50,0.33217711142641043,DEF
584,ryan fredericks,38,21,42,0.8768874096191958,DEF
585,ryan inniss,38,21,40,0.05647379123451102,DEF
586,ryan sessegnon,38,21,47,0.0658256438159518,DEF
587,rúben gonçalo silva nascimento vinagre,38,21,41,0.14217017210350572,DEF
588,rúben santos gato alves dias,38,21,59,3.1438092145836305,DEF
589,sam woods,38,21,40,0.14748299610066767,DEF
590,scott dann,38,21,42,0.9942909318784365,DEF
591,sead kolasinac,38,21,48,0.18534427822676228,DEF
592,seamus coleman,38,21,49,1.7894191970960314,DEF
593,serge aurier,38,21,52,0.8742664260430278,DEF
594,sergio reguilón,38,21,55,2.6945514291421317,DEF
595,shane duffy,38,21,43,0.07215377574442773,DEF
596,shkodran mustafi,38,21,50,0.18534427822676228,DEF
597,sokratis papastathopoulos,38,21,48,0.18534427822676228,DEF
598,stuart dallas,38,21,55,3.9896844902038606,DEF
599,tariq lamptey,38,21,46,0.3460677564156597,DEF
600,taylor harwood-bellis,38,21,40,0.18491833522316678,DEF
601,teden mengi,38,21,39,0.3555215234656898,DEF
602,terence kongolo,38,21,43,0.1695773060185349,DEF
603,thiago thiago,38,21,56,2.560984437009083,DEF
604,tim ream,38,21,42,1.2302634834600885,DEF
605,timothy castagne,38,21,58,2.294126100131996,DEF
606,timothy fosu-mensah,38,21,43,0.12188686447536733,DEF
607,toby alderweireld,38,21,54,2.3413402063761857,DEF
608,tosin adarabioyo,38,21,45,2.740167659131445,DEF
609,trent alexander-arnold,38,21,78,3.5804755725015585,DEF
610,tyrick mitchell,38,21,38,2.465883051872404,DEF
611,tyrone mings,38,21,54,1.9370698589859365,DEF
612,valentino livramento,38,21,40,0.12188686447536733,DEF
613,victor lindelöf,38,21,48,2.0949233598784236,DEF
614,virgil van dijk,38,21,62,0.4036880375838741,DEF
615,vladimir coufal,38,21,48,3.3554347406928993,DEF
616,vontae daley-campbell,38,21,40,0.13318980759437005,DEF
617,wes morgan,38,21,44,0.13318980759437005,DEF
618,wesley fofana,38,21,50,2.2612372513298595,DEF
619,william saliba,38,21,40,0.2763534830929185,DEF
620,willy boly,38,21,54,0.8825921406545184,DEF
621,yan valery,38,21,47,0.06035769270806129,DEF
622,yerry mina,38,21,55,1.2109567666247416,DEF
623,zeze steven sessegnon,38,21,43,0.1695773060185349,DEF
624,çaglar söyüncü,38,21,53,2.9122409934005757,DEF
625,aaron ramsdale,38,21,46,6.6,GK
626,adrián san miguel del castillo,38,21,42,0.0,GK
627,alex mccarthy,38,21,44,3.2,GK
628,alisson ramses becker,38,21,60,2.6,GK
629,alphonse areola,38,21,45,2.0,GK
630,andreas söndergaard,38,21,40,0.0,GK
631,andy lonergan,38,21,40,0.2,GK
632,angus gunn,38,21,43,0.0,GK
633,bailey peacock-farrell,38,21,40,0.0,GK
634,bernd leno,38,21,50,4.8,GK
635,caoimhin kelleher,38,21,45,0.0,GK
636,christian walton,38,21,40,0.0,GK
637,claudio bravo,38,21,45,0.0,GK
638,daniel langley,38,21,39,0.0,GK
639,danny ward,38,21,43,0.0,GK
640,darren randolph,38,21,43,3.6,GK
641,david button,38,21,39,0.2,GK
642,david de gea,38,21,53,3.4,GK
643,david martin,38,21,39,0.0,GK
644,dean henderson,38,21,52,0.6,GK
645,ederson santana de moraes,38,21,61,4.6,GK
646,edouard mendy,38,21,53,2.8,GK
647,elia caprile,38,21,40,0.0,GK
648,emiliano martínez,38,21,53,4.8,GK
649,fabricio agosto ramírez,38,21,39,0.0,GK
650,francisco casilla cortés,38,21,41,1.8,GK
651,fraser forster,38,21,40,0.6,GK
652,harry lewis,38,21,40,0.0,GK
653,harry tyrer,38,21,40,0.0,GK
654,hugo lloris,38,21,56,5.2,GK
655,illan meslier,38,21,48,0.0,GK
656,jack butland,38,21,45,0.0,GK
657,jakub ojrzynski,38,21,40,0.0,GK
658,james trafford,38,21,40,0.0,GK
659,jason steele,38,21,39,0.0,GK
660,jed steer,38,21,39,0.0,GK
661,joe hart,38,21,42,0.0,GK
662,john ruddy,38,21,43,4.4,GK
663,jonas lössl,38,21,43,0.0,GK
664,jordan pickford,38,21,48,4.0,GK
665,joão virgínia,38,21,43,0.0,GK
666,kamil miazek,38,21,40,0.0,GK
667,karl darlow,38,21,49,0.0,GK
668,karlo ziger,38,21,40,0.0,GK
669,kasper schmeichel,38,21,54,3.4,GK
670,kepa arrizabalaga,38,21,47,0.0,GK
671,lee grant,38,21,40,0.0,GK
672,liam hughes,38,21,40,0.0,GK
673,lukasz fabianski,38,21,50,0.0,GK
674,marcus bettinelli,38,21,43,0.0,GK
675,marek rodák,38,21,43,0.0,GK
676,mark gillespie,38,21,43,0.0,GK
677,martin dubravka,38,21,48,3.6,GK
678,mathew ryan,38,21,41,0.0,GK
679,matija sarkic,38,21,44,0.0,GK
680,matt macey,38,21,40,0.0,GK
681,michael verrips,38,21,40,0.0,GK
682,nathan bishop,38,21,40,0.0,GK
683,nathan trott,38,21,40,0.0,GK
684,nick pope,38,21,55,0.6,GK
685,paulo gazzaniga,38,21,43,0.0,GK
686,robert sánchez,38,21,45,2.0,GK
687,roberto jimenez gago,38,21,45,0.0,GK
688,robin olsen,38,21,45,0.0,GK
689,rui pedro dos santos patrício,38,21,53,0.0,GK
690,rúnar alex rúnarsson,38,21,44,0.0,GK
691,sam johnstone,38,21,46,2.6,GK
692,scott carson,38,21,39,2.2,GK
693,sergio romero,38,21,49,0.0,GK
694,simon moore,38,21,43,0.0,GK
695,stephen henderson,38,21,40,0.0,GK
696,thomas mcgill,38,21,39,0.0,GK
697,tom heaton,38,21,45,0.0,GK
698,vicente guaita,38,21,48,2.8,GK
699,wayne hennessey,38,21,43,0.0,GK
700,wes foderingham,38,21,43,0.0,GK
701,will norris,38,21,40,2.4,GK
702,willy caballero,38,21,46,0.0,GK
703,zack steffen,38,21,44,0.0,GK
704,ørjan nyland,38,21,40,0.0,GK
